companies,labelName,labelCode
TCI,LITHO DT-5 F-style Gallon,11
TCI,LITHO WG F-style Gallon,12
TCI,LITHO UR600 F-style Gallon,13
TCI,LITHO UR610 F-style Gallon,14
TCI,LITHO UR620 F-style Gallon,15
TCI,LITHO Acetone F-style Gallon,16
TCI,Block Green,100
TCI,Block Red,101
TCI,Block Yellow,102
TCI,Block Teal,103
TCI,Block Blue,104
TCI,Block Purple,105
TCI,TCI Generic Maroon w/Toxic ,106
TCI,Block Black/Yellow,107
TCI,TCI Generic Yellow  ,109
TCI,TCI Generic Maroon,110
TCI,TCI Generic Blue ,111
TCI,TCI Generic Green ,112
TCI,Red/Yellow Jag,115
TCI,Americana,116
TCI,Green/Purple Mercedes,117
TCI,Stars,119
TCI,Car Wrench,120
TCI,Lighthouse,126
TCI,Smoke Gray / Industrial Silver,128
TCI,Sunset,129
TCI,Pink Spray Gun,134
TCI,Red Checkered Flag,135
TCI,New Horizons,136
TCI,AQ Blend,137
TCI,Flaming Wheel,143
TCI,Blue Dot,144
TCI,ACS,145
TCI,Refinishers Choice,156
TCI,Blue Checkered Flag ,160
Lashley,Lashley Pink Stripe Preprinted,167
Lashley,Lashley Yellow Thinner Preprinted,168
TCI,TCI Coating Red  Prismatic ,171
TCI,TCI Coating Blue  Prismatic ,173
TCI,TCI Coating Green  Prismatic ,176
TCI,TCI Coating Teal  Prismatic ,179
TCI,Red Car Swirl,187
PBE/Old School,Old School,188
TCI,TCI Coating Orange  Prismatic ,189
BAPS,BAPS WG F-style,191
TCI,Bad Monkey Black Prismatic,196
TCI,C49 Yes! Miracle Cleaner,197
TCI,TCI Coating Yellow Prismatic ,202
TCI,TCI Coating Purple  Prismatic ,204
TCI,Block Lime Tasco,206
TCI,Orange Checkered Flag,207
IFS,IFS 7400V,208
Carolinas,Carolinas Auto Supply,209
TCI,USA Auto Body Supply,210
TCI,Carolina Colors,211
TCI,V56 Lime-It,220
Extreme Coatings,TriStar 6600 5L FRONT,221
Extreme Coatings,TriStar 661 2.5L FRONT,222
Extreme Coatings,TriStar 662 2.5L FRONT,223
Extreme Coatings,TriStar 663 2.5L FRONT,224
PF3/NovoGen,PF3 WG/CAR609 FRONT F-style,225
PF3/NovoGen,PF3 UR620/UG885 Slow FRONT F-style,226
DOT,DOT 4x6 UN3082,227
PF3/NovoGen,PF3 DT5/TG500 FRONT F-style,228
Coop's Wholesale,UR610 S-tyle FRONT,229
Palmetto,Palmetto 6400/9453 F-style gal FRONT,230
BAPS,BAPS DT5 F-style,231
Premier,Premier QM1200 F-style,232
Premier,Premier WG F-style,233
Proline,6400/Pro 11 F-style front,234
TCI,TCI DT5 1 gallon & Five gallons,235
TCI,TCI DT10 One gallon,236
TCI,TCI 4200 Gallon,237
TCI,TCI 421 Quart,238
TCI,TCI 6400 Gallon BACK NEW FORMULA,239
TCI,TCI Acetone 1 Gal,242
TCI,TCI GOV 1 Gal,243
TCI,TCI RegMS 1 Gal,245
TCI,TCI WG 1 Gal,246
Proline,6600/Pro13 5L,247
Proline,642/Pro32 CT Quart,248
TCI CCI,DYNO Metro Chemical,249
TCI CCI,Blue & White Arch,250
Wasco,Wasco 0605 Ultra Blue 5 gal,251
Wasco,Wasco 0514 Pink Wheel Acid 1 gal,252
Wasco,Wasco 0514 Pink Wheel Acid 5 gal,253
TCI CCI,DYNO Industrial Silver,254
TCI CCI,CAG Blue,255
DOT,DOT 4x6 Flammable Blank,256
DOT,DOT 4x6 Corrosive Blank,257
DOT,DOT 4x6 UN1263,258
DOT,DOT 4x4 EHS (Dead Fish),259
Wasco,WASCO Red,260
DOT,DOT 4x4 Toxic,261
DOT,DOT DT5 F-style box label,262
DOT,DOT 3416 F-style box label,263
BAPS,4182/LP-40 Quart,264
TCI CCI,MILLER Pink Univ Cleaner Preprinted,265
TCI CCI,MILLER Blue,266
BAPS,4182/LP-40 Gallon,267
TCI CCI,DYNO LOGO LABELS,268
BAPS,4181/LP-45 Quart,269
TCI CCI,AWD Blue & Black,270
TCI CCI,Dyno Fusion Pro XP,271
TCI CCI,Dyno Fusion Pro XT,272
TCI CCI,Dyno Fusion Pro XW,273
BAPS,4181/LP-45 Gallon,274
TCI CCI,HUD Shine,275
TCI CCI,Red Black Dash,277
BAPS,DT20/T60-20 Gallon,278
BAPS,UR610/R20 Gallon,279
TCI CCI,Sunchem,280
BAPS,UR630/R10 Gallon,281
TCI CCI,Correlated,282
BAPS,G35500X06,283
BAPS,G35500X18,284
BAPS,G35500X36,285
BAPS,ECS12PL,287
IFS,IFS UR40,288
IFS,IFS UR50,289
IFS,IFS UR60,290
Master Org,Master Org Olympic,292
DOT,DOT 4X6 UN1268 ,294
DOT,DOT 4X6 UN1090,295
Apex,APEX  Silver,296
Apex,APEX Blue,297
Apex,APEX Green,298
Apex,APEX Purple,299
Apex,APEX Red,300
Apex,APEX Yellow,301
IFS,IFS WG,302
TCI CCI,AMS 0625 Lucent Dressing 5 gal,303
TCI,Ferrous Wheel 22oz FRONT,304
TCI,Ferrous Wheel 22oz BACK,305
TCI,Ferrous Wheel 1 gal 5x19,306
TCI,Ferrous Wheel 5/55 gal 5x19,307
TCI,0526 22oz BOX 7x10,308
BAPS,BAPS DT5 53 gallons,309
BAPS,BAPS DT5 5 gallons,310
IFS,IFS 736V,312
IFS,IFS 740V,313
IFS,IFS 744V,314
DOT,DOT 4x4 Limited Quantity,315
On Track Autobody,On Track Autobody Greenville,316
Schaeffer,Schaeffer Turbo Red,317
AMS,AMS 0204 1 gallon,319
AMS,AMS 0601 1 gallon,320
AMS,AMS 0618 1 gallon,321
AMS,AMS 0303 1 gallon,322
AMS,AMS 0204 5 gallons,323
AMS,AMS 0618 5 gallons,324
AMS,AMS 0601 5 gallons,325
DOT,DOT Overpack,326
TCI,Block Red w/ Toxic,328
TCI,Block Blue w/ Toxic,329
TCI,Block Yellow w/ Toxic,330
TCI,TCI 6400 Gallon BACK,337
TCI,TCI 421 Half pint,338
TCI,TCI 4200 Quart,340
TCI,TCI DT10 Five gallons,341
Crest,CRS-108 5/55 gal,342
Crest,CRS-621 1 gal,343
Crest,CRS-621 5/55 gal,344
ProClear by Unleashed,WG F-style FRONT,345
Extreme Coatings,451 Kit Box,346
BAPS,BAPS UR610 F-style,347
BAPS,BAPS DT-5V Gun Wash F-style,348
BAPS,BAPS DT-5V Gun Wash 5 gallons,349
Proline,450 / Part B Bedliner 32oz Plastic,352
Proline,4416 Putty 24oz tube,353
Extreme Coatings,450 Kit Box,354
Proline,458 / Part A Activator F-style Quart,355
Proline,662/Pro32 2.5L,358
Proline,4200/Pro 21 Round Gal,359
Proline,421/Pro 31 CH Quart,360
Kemperle,Kemperle 4181 ALBAP274 Gal FRONT,361
Kemperle,Kemperle 4181 ALBAP273 Quart,361
Kemperle,Kemperle 4181 ALBAP274 Gal BACK,362
TCI,Bedliner Black 750mL,363
TCI,Bedliner Tintable 750mL,364
TCI,Bedliner Black Activator 250mL,365
4Pro/ColorSource,4Pro LT5 1 gal (DT5),366
4Pro/ColorSource, 4Pro LT5 5 gal (DT5),367
4Pro/ColorSource,4Pro LT5 16 gal (DT5),368
4Pro/ColorSource,4Pro LT5 53 gal (DT5),369
4Pro/ColorSource,4Pro 4x4 Green,370
4Pro/ColorSource,4Pro 4x4 Blue,371
4Pro/ColorSource,4Pro 4x4 White,372
Wasco,Wasco 0108 Orange Degreaser 1 gal,373
TCI,TCI Acetone 5 gal,374
TCI,TCI UR610 5 gal,375
TCI,TCI UR600 1 gal,376
TCI,TCI UR610 1 gal,377
TCI,TCI UR620 1 gal,378
4Pro/ColorSource,4Pro DT5 1 gal GUN WASH,379
4Pro/ColorSource,4Pro DT5 5 gal GUN WASH,380
4Pro/ColorSource,4Pro DT5 16 gal GUN WASH,381
4Pro/ColorSource,4Pro DT5 53 gal GUN WASH,382
TCI,Blue Car Swirl,383
TCI,4416 Putty,384
TCI,W4416 White Putty,385
4Pro/ColorSource,4Pro DT8020 1 gal LT8,386
4Pro/ColorSource,4Pro DT8020 5 gal LT8,387
4Pro/ColorSource,4Pro DT8020 16 gal LT8,388
4Pro/ColorSource,4Pro DT8020 53 gal LT8,389
IFS,IFS H2O Surface Cleaner 1 Gal,390
Logicar,Toucan T60-4 One Gal FRONT,392
Logicar,Toucan T60-4 One Gal BACK,393
Logicar,Toucan T60-4 20L,394
Logicar,Toucan T60-4 200L,395
Logicar,Toucan T60-20 One Gal FRONT,396
Logicar,Toucan T60-20 One Gal BACK,397
Logicar,Toucan T60-20 20L,398
Logicar,Toucan T60-20 200L,399
Crest,CRS-106 1 gal,400
Crest,CRS-106 5/55 gal,401
Crest,CRS-212 5/55 gal,402
Crest,CRS-212 1 gal,403
Crest,CRS-515 1 gal,404
Crest,CRS-515 5/55 gal,405
TNT Refinish,4200 Round Gallon,406
TNT Refinish,4200 Round Quart,407
TNT Refinish,421 CT Quart,408
TNT Refinish,421 CT Half Pint,409
TNT Refinish,6400 CT Quart,410
TNT Refinish,641 CT Half Pint,411
TNT Refinish,642 CT Half Pint,412
TNT Refinish,643 CT Half Pint,413
Logicar,Toucan T60-10 200L,417
IFS,IFS H2O Surface Cleaner 32oz,418
IFS,IFS True BLANK gray/red,419
IFS,IFS True BLANK gray/red with TOXIC,420
Kemperle,Kemperle WG Gal BACK,421
Kemperle,Kemperle WG Quart,422
Kemperle,Kemperle QH1793 Pint,423
Kemperle,Kemperle QM1200 Gal FRONT,424
Kemperle,Kemperle QM1200 Gal BACK,425
Kemperle,Kemperle QM1200 Quart,426
Kemperle,Kemperle AGC Gal FRONT,427
Kemperle,Kemperle AGC Gal BACK,428
Kemperle,Kemperle AGC 5 Gal,429
Crest,CRS-284 5/55 gal,430
Crest,CRS-284 1gal,431
Crest,CRS-208 5/55 gal,432
Crest,CRS-208 1 gal,433
IFS,IFS H2O Surface Cleaner 53 Gal,434
TCI,TCI Aquaclean 1 Gallon,435
IFS,IFS 4416,436
IFS,IFS H2O Surface Cleaner 5 Gal,437
TNT Refinish,642 CT QUART,437
IFS,IFS 5200V/TP200GL Round Gallon,438
TNT Refinish,6400 Gallon,439
Kemperle,Kemperle WG Gal FRONT,441
4Pro/ColorSource,4Pro 4416 24oz,442
IFS,IFS  ER40 F-style,443
IFS,IFS  ER50 F-style,444
IFS,IFS  ER40 5 Gal,445
IFS,IFS  ER50 5 Gal,446
Performance Refinish,Performance Refinish 4416 24oz,449
IFS,IFS 521V/TH205QT CT Quart,450
Logicar,Toucan LP-40 White Quart,452
Logicar,Toucan LP-40 White Gallon FRONT,453
Logicar,Toucan LP-40 White Gallon BACK,454
Logicar,Toucan LP-45 Grey Quart,455
Logicar,Toucan LP-45 Grey Gallon FRONT,456
Logicar,Toucan LP-45 Grey Gallon BACK,457
Logicar,Toucan R10 Gallon FRONT,458
Logicar,Toucan R10 Gallon BACK,459
Logicar,Toucan R10 5 Gallons,460
Logicar,Toucan R20 Gallon FRONT,461
Logicar,Toucan R20 Gallon BACK,462
Logicar,Toucan R20 5 Gallons,463
Kemperle,Kemperle Final Wipe Gal FRONT,464
Crest,Crest 90 53 gallons,467
Crest,CRS-108 1 gal,468
Master Org,Master Org Olympic 4416 24oz,469
Master Org,Master Org Olympic 860 1 gal FRONT,470
Master Org,Master Org Olympic 860 5 gal,471
Master Org,Master Org Olympic 870 1 gal FRONT,472
Master Org,Master Org Olympic 870 5 gal,473
Master Org,Master Org Olympic 860 1 gal BACK,474
Master Org,Master Org Olympic 870 1 gal BACK,475
BAPS,DT10/T60-10 Gallon,476
BAPS,DT5/T60-4 Gallon,477
Crest,CRS-BPC,478
BAPS,BAPS 4x4 BLANK,492
Kemperle,Kemperle Generic F-style BACK,494
PF3/NovoGen,PF3 UR620/UG885 Slow Reducer 5 gal,496
PF3/NovoGen,PF3 WG/CAR609 CAR 609 5 gal,497
PF3/NovoGen,PF3 DT5 DT5/TG500 5 gal,498
PF3/NovoGen,PF3 4181/CAR01 FRONT F-style,499
PF3/NovoGen,PF3 UR600/UG860 FRONT F-style,500
PF3/NovoGen,PF3 UR600/UG860 5 gal,501
PF3/NovoGen,PF3 UR610/UG870 FRONT F-style,502
PF3/NovoGen,PF3 UR610/UG870 5 gal,503
PF3/NovoGen,PF3 UR630/UR895 FRONT F-style,504
PF3/NovoGen,PF3 UR630/UR895 5 gal,505
PF3/NovoGen,PF3 DT5/TG500 53 gal,506
PF3/NovoGen,PF3 G35500x12/12G 4x4,507
PF3/NovoGen,PF3 G35500x18/18G 4x4,508
PF3/NovoGen,PF3 G35500x36/36G 4x4,509
Extreme Coatings,TriStar 6400 Gallon F-style FRONT,510
Extreme Coatings,TriStar 641 CT Quart,511
Extreme Coatings,TriStar 642 CT Quart,512
Extreme Coatings,TriStar 643 CT Quart,513
Wasco,Wasco 0220 Lime Car Wash 1 gal,514
Wasco,Wasco 0220 Lime Car Wash 5 gal,515
Wasco,Wasco 0220 Lime Car Wash 55 gal,516
Wasco,Wasco 0605 Ultra Blue 1 gal,517
TCI CCI,Levine UR610 5 gal,519
Logicar,G35500X06,520
Logicar,G35500X18,521
Logicar,G35500X36,522
Wasco,Wasco Blue,523
4Pro/ColorSource,4Pro F-style Blank,525
4Pro/ColorSource,4Pro Five/drum Blank,526
BAPS,Pint Paint Cans 79357347176 ,527
BAPS,Quart Paint Cans 79357347175,528
BAPS,Gallon Paint Cans 79357347174,529
Logicar,Toucan R20 200L,530
Palmetto,Palmetto WG/7100 F-style FRONT,531
Palmetto,Palmetto 870/6080 CTQ,532
Palmetto,Palmetto 870/6080 F-style gal FRONT,534
Palmetto,Palmetto 885/7090 CTQ,535
Palmetto,Palmetto 885/7090 F-style gal FRONT,536
Palmetto,Palmetto 895/85105 F-style gal FRONT,537
Palmetto,Palmetto 895/85105 CTQ,538
Palmetto,Palmetto 4200/8850 Round gal,541
Palmetto,Palmetto 4200/8850 Round qt,542
Palmetto,Palmetto 421/8852 CTQ,543
Palmetto,Palmetto 421/8852 CTHP,544
Wasco,WC700X18/PC18 4x4,549
Wasco,WC700X36/PC36 4x4,550
Wasco,WC700X6/PC06 4x4,553
Wasco,G365500X18/518 4x4,554
Wasco,G35500X36/536 4x4,555
Wasco,ECS16PL/PS-16 4x4,556
Wasco,DT5 F-STYLE/BTL-1,557
Wasco,DT5 5 GALLONS/BTL-5,562
Wasco,DT5 53 GALLONS/510-55,563
Wasco,WG F-STYLE/WG900-1,564
Wasco,WG 5 GALLONS/WG900-1,565
Performance Refinish,Performance Refinish CT Quart,566
Performance Refinish,Performance Refinish F-style,567
Performance Refinish,Performance Refinish 4x4,568
Performance Refinish,Performance Refinish 5x19,569
Performance Refinish,Performance Refinish 5 gallon,570
Wasco,UR600 F-STYLE/WR40-1,571
Wasco,UR600 5 GALLONS/WR40-5,572
Wasco,UR610 F-STYLE/WR50-1,573
Wasco,UR610 5 GALLONS/WR50-5,574
Wasco,UR620 F-STYLE/WR60-1,575
Wasco,UR620 5 GALLONS/WR60-5,576
Wasco,6400 F-STYLE FRONT,577
Wasco,642 CT QUART,578
Wasco,6600 5 LITER FRONT,579
Wasco,6600 5 LITER BACK,580
Wasco,662 2.5 LITER FRONT,581
Wasco,662 2.5 LITER BACK,582
Wasco,4200 1 GALLON ROUND,583
Wasco,421 QUART,584
Wasco,F-STYLE GALLON BACK BLANK,585
Wasco,Wasco 0512 Body Shop Dress-All 55 gal,586
Bud's,Bud's F-style gallon blank,587
Wasco,Wasco 0611 One Stop Dressing 1 gal,587
Bud's,Buds 5 Gal blank Both Diamonds,588
Wasco,Wasco 0611 One Stop Dressing 5 gal,588
Wasco,Wasco 0618 Showroom Shine 1 gal,589
Wasco,Wasco 0502 Non-acid Wheel Cleaner 1 gal,590
Wasco,Wasco 0502 Non-acid Wheel Cleaner 5 gal,591
Wasco,Wasco 4181 Gray Lacquer Primer 1 gal,592
Wasco,Wasco 0220 Lime Car Wash 32oz,593
Wasco,Wasco 0108 Orange Degreaser 32oz,594
Wasco,Wasco 0618 Showroom Shine 32oz,595
Wasco,Wasco 0605 Ultra Blue 32oz,596
4Pro/ColorSource,4Pro sanitizer Spray 22oz,598
4Pro/ColorSource,4Pro sanitizer Spray gallon,599
Wholesale Springfield,WAP Gorilla Label NEW,600
PF3/NovoGen,PF3 W650x12/W12 4x4,606
PF3/NovoGen,PF3 W650x18/W18 4x4,607
PF3/NovoGen,PF3 W650x36/W36 4x4,610
BAPS,BAPS 3x3 Blank,611
Extreme Coatings,Extreme 450 3 qt on round gallon,613
Extreme Coatings,Extreme 451 3 qt on round gallon,614
Extreme Coatings,Extreme 458 1 qt FRONT,615
Logicar,Toucan T60-10 One Gal FRONT,616
Logicar,Toucan T60-10 One Gal BACK,617
Logicar,Toucan T60-20 Quart,618
Logicar,Toucan 35-10 500ml,619
Logicar,Toucan 35-10 Liter,620
Logicar,Toucan 35-10 One Gallon FRONT,621
Logicar,Toucan 35-10 One gallon BACK,622
Logicar,Toucan 35-10 500ml,623
McKay Napa,Napa/McKay Auto DT10 5 gal,624
PF3/NovoGen,PF3 UR640/UG895 FRONT F-style,625
IFS,IFS 7300V/7000V 1 gal BACK,626
IFS,IFS 7300V/7000V 1 gal FRONT,627
IFS,IFS 731V/701V CT Quart,628
McKay Napa,Napa/McKay Auto DT5 5 gal,629
McKay Napa,Napa/McKay Auto DT5 53 gal,630
McKay Napa,Napa/McKay Auto PWS 5 gal,631
Crest,CRS-107 Glass cleaner concentrate 5 gal,632
Crest,CRS-107 Glass cleaner concentrate 1 gal,633
McKay Napa,Napa/McKay Auto DT10 CT Quart,634
McKay Napa,Napa/McKay Auto DT5 CT Quart,635
McKay Napa,Napa/McKay Auto DT5 1 gal,636
PF3/NovoGen,PF3 UR640/UG895 5 gal,637
PF3/NovoGen,PF3 ECS16PL,638
Wasco,Wasco 0108 Orange Degreaser 5 gal,658
Wasco,Wasco 0108 Orange Degreaser 55 gal,659
Wasco,Wasco 0512 Body Shop Dress-All 1 gal,660
Wasco,Wasco 0512 Body Shop Dress-All 5 gal,661
Horvath,Horvath Black Widow 0512-5,664
Horvath,Horvath Black Widow 0601-5,665
Horvath,Horvath Black Widow 0616-55,666
TCI,Bedliner Tintable Activator 250ml,667
Horvath,Horvath Black Widow 0616-P,668
Horvath,Horvath Black Widow 0616-32,669
Crest,CRS-101 Red Tide 55 gal,673
Crest,CRS-643 Magic Mist 22oz FRONT,675
Crest,CRS-643 Magic Mist 22oz BACK,676
Horvath,Horvath Black Widow 0616-3,677
Palmetto,Palmetto 642/9475 CTQ,678
Palmetto,Palmetto 643/9485 CTQ,679
Crest,CRS-101 Red Tide 1 gal,681
Crest,CRS-101 Red Tide 5 gal,689
Crest,CRS-104 ECP Enzyme Cleaner 1 gal,690
Crest,CRS-104 ECP Enzyme Cleaner 5 gal,691
Crest,CRS-250 Antistatic Spray 1 gal,692
Crest,CRS-105 Antistatic Spray 5 gal,693
Crest,CRS-102 Cyclone T&W Cleaner 1 gal,694
IFS,IFS True 7600V,696
IFS,IFS True 761V,697
IFS,IFS True 762V,698
IFS,IFS True 763V,699
Crest,CRS-102 Cyclone T&W Cleaner 5 gal,700
IFS,IFS ER1075/TR40-E CT Quart,701
IFS,IFS ER1075/TR40-E Gallon,702
IFS,IFS ER37/TR50-E CT Quart,703
IFS,IFS ER37/TR50-E Gallon,704
TCI,Thick Sticks,705
Crest,CRS-109 Wet n' Wild 1 gal FRONT,706
Crest,CRS-109 Wet n' Wild 1 gal BACK,707
BAPS,Thick Sticks,714
Logicar,Toucan ESC12PL,718
Crest,CRS-AS 1 gal,719
Crest,CRS-50 5 gal,720
Crest,CRS-512 1 gal,721
Crest,CRS-512 5 gal,722
4Pro/ColorSource,4Pro 5x19 Blank & SQ,741
Horvath,Horvath Blue Prismatic,744
Kemperle,Kemperle DT5 F-style FRONT,750
Kemperle,Kemperle DT5 5 gal,751
J&J Velocity,Velocity Blank F-style,758
J&J Velocity,Velocity Blank 5 gal/drum,759
J&J Velocity,Velocity Blank CTQ,760
KPS,Round Pint blank,761
KPS,Round Quart blank,762
KPS,Round Gallon blank,763
TCI CCI,0469 RTU-22oz,796
TCI CCI,0112-22oz,797
TCI CCI,dou,798
Crest,CRS-643 Magic Mist 5 gal,799
Crest,CRS-643 Magic Mist 1 gal,800
TCI CCI,0469 on Yes! prismatic base 5x19 (GSA),801
TCI CCI,0220 on Lime-It prismatic base 5x19 (GSA),802
TCI,CS16PL on TCI Yellow,803
TCI,CS20PL on TCI Yellow,804
TCI,CS16BL on TCI Blue,805
TCI,ECS16PL on TCI Yellow,806
TCI CCI,Buford Supply,807
IFS,IFS DT5 5 gal Preprint,809
TCI CCI,Buford Supply Mouse label,813
Apex,APEX Bedliner Black 750ml,814
Apex,Apex Activator 250mL,815
Apex,APEX Bedliner Black 750ml,816
ProMax/Blysk,Blysk AF35/UR620 1 gal Wraparound,827
ProMax/Blysk,Blysk AF35/UR620 5 gal,828
Kemperle,Kemperle Final Wipe Gal BACK,847
TCI,Block Teal w/ Toxic,848
ProMax/Blysk,Blysk AF10/UR600 1 gal Wraparound,852
ProMax/Blysk,Blysk AF25/UR610 1 gal Wraparound,853
ProMax/Blysk,Blysk AF25/UR610 5 gal,854
ProMax/Blysk,Blysk AF10/UR600 5 gal,855
ProMax/Blysk,Blysk WG 1 gal Wraparound,856
ProMax/Blysk,Blysk QM125 53 gal,857
ProMax/Blysk,Blysk AP10000/QM1200 1 gal Wraparound,858
ProMax/Blysk,Blysk AP10000/QM1200 Quart,859
ProMax/Blysk,Blysk XP420/4200 1 gal wraparound,860
ProMax/Blysk,Blysk XH421/421 Quart,861
ProMax/Blysk,Blysk XC10/6400 1 gal wraparound,862
ProMax/Blysk,Blysk XH10/641 Quart,863
ProMax/Blysk,Blysk XH20/642 Quart,864
ProMax/Blysk,Blysk XH30/643 Quart,865
DOT,DOT 4x6 UN1993 WG,866
Roberlo,R225/ER1075 1 gal FRONT,867
Roberlo,R225/ER1075 1 gal BACK,868
Roberlo,Reducer 5/UR610 1 gal FRONT,869
Roberlo,Reducer 5/UR610 1 gal BACK,870
Roberlo,Reducer 3/UR620 1 gal FRONT,871
Roberlo,Reducer 3/UR620 1 gal BACK,872
ProMax/Blysk,Blysk LP410/ 4183,873
ProMax/Blysk,Blysk LP411/4181,874
ProMax/Blysk,Blysk LP412/4182,875
ProMax/Blysk,Blysk AF95/DT5 1 gal wraparound,876
ProMax/Blysk,Blysk XP410/4210 1 gal,877
ProMax/Blysk,Blysk XC550/6600 5L,878
ProMax/Blysk,Blysk XH520/662 25L,879
ProMax/Blysk,Blysk XH510/661 25L,880
ProMax/Blysk,Blysk XH530/663 25L,881
ProMax/Blysk,Blysk XH422/421 Quart,882
ProMax/Blysk,Blysk XP420/4200 Round Quart,883
ProMax/Blysk,Blysk XH421/421 Half Pint,884
Crest,CRS-103 White Lightning 1 gal 5x19,885
Crest,CRS-103 White Lightning 5 gal,886
ProMax/Blysk,Blysk 4x4 Blank,887
TCI,Cheepliner Black 24oz,888
TCI,Cheepliner Tintable 24oz,889
TCI,Cheepliner Activator 32 oz ,890
TCI,Cheepliner Black Box,891
TCI,Cheepliner Tintable Box,892
Auto Paint HQ,Auto Paint HQ Blank,894
Auto Paint HQ,PB500 Round Quart,895
Auto Paint HQ,PB500 Round Gallon,896
TCI,e-Shield Black 32oz 5.125 x 11,900
TCI,e-Shield Tintable 32oz 5.125 x 11,901
TCI,e-Shield activator 32oz F-style,902
TCI,e-Shield Box Black,903
TCI,e-Shield Box Tintable,904
TCI,e-Shield activator 32oz F-style BACK,906
Roberlo,Slow Exempt 1 gal FRONT,910
Roberlo,Slow Exempt 1 gal BACK,911
Roberlo,Slow Exempt 53 gal ,912
Martin Auto Paint,Martin Blank,914
Martin Auto Paint,Martin Putty,915
Crest,CRS-142 1 gal,916
TCI CCI,AMS 0611 32 oz,917
Discount Body Shop / Regal Refinishing,UR610 RR070 F-style BACK,921
Discount Body Shop / Regal Refinishing,4181 RP100 F-style BACK,922
4Pro/ColorSource,Manheim blank,925
Performance Auto Color,Performance blank,926
4Pro/ColorSource,4Pro 450 BOX,927
4Pro/ColorSource,4Pro 451 BOX,928
Maverick Refinish,Maverick Blank,929
TCI,4112 Body Filler,930
Detail Supply,Green/Black Hot Rod Blank,931
Maverick Refinish,Maverick Blank 5 gal w/ Toxic,932
PBE/Old School,Xtreme Detailing,936
TCI CCI,Hudshine Blank 5x19,938
ProMax/Blysk,Blysk  XH423/421 Quart,940
A & G,A&G Buster 1 gal,941
Levine,DT5 1 gal Case,941
A & G,A&G Buster 5 gal,942
Levine,WG 1 gal Case,942
A & G,A&G Buster 55 gal,943
TCI,Disco Prismatic Yellow Pantone 108,945
TCI,8000P Case,946
TCI,8000Q Case,947
TCI,8000G Case,948
TCI,Disco Prismatic Blue Pantone 638,949
TCI,Disco Prismatic Red Pantone 485,950
TCI,Disco Prismatic Green Pantone 368,951
Refinish King,4416 24 oz,952
Refinish King,450 e-Shield Box Black,953
Refinish King,451 e-Shield Box Tintable,954
Crest,CRS-142 5/55 gal,955
ASW,0121-1 - Case label ASW,956
ASW,0137-1 - Case label ASW,957
ASW,0138-1 - Case label ASW,958
ASW,0213-1 - Case label ASW,959
ASW,0234-1 - Case label ASW,960
ASW,0505-1 - Case label ASW,961
ASW,0509-1 - Case label ASW,962
ASW,0514-1 - Case label ASW,963
ASW,0613-1 - Case label ASW,964
ASW,0614-1 - Case label ASW,965
ASW,0512-1 Case label ASW,966
Discount Body Shop / Regal Refinishing,6400 RC300 F-style BACK,967
Discount Body Shop / Regal Refinishing,6300 RC500 F-style BACK,968
Discount Body Shop / Regal Refinishing,6100 RC700 F-style BACK,969
Discount Body Shop / Regal Refinishing,6600 RC800 5L BACK,970
Discount Body Shop / Regal Refinishing,661 RC801 2.5L BACK,971
Discount Body Shop / Regal Refinishing,662 RC802 2.5L BACK,972
Discount Body Shop / Regal Refinishing,WG Regal F-style BACK,973
Discount Body Shop / Regal Refinishing,DT5 Regal F-style BACK,974
ProMax/Blysk,Blysk G44/4416 Putty 24oz,975
AMMSQ,AMMSQ PX 800/4200 Gallon,976
AMMSQ,AMMSQ PX 800/4200 Gallon,976
AMMSQ,AMMSQ PX 801/421 Quart,977
AMMSQ,AMMSQ PX 801/421 Quart,977
AMMSQ,AMMSQ PX 1000/450 Box,978
AMMSQ,AMMSQ PX 1000/450 Box,978
AMMSQ,AMMSQ PX 1010/451 Box,979
AMMSQ,AMMSQ PX 1010/451 Box,979
Discount Body Shop / Regal Refinishing,Acetone Regal F-Style BACK,980
Discount Body Shop / Regal Refinishing,UR600 RR060 F-style BACK,981
Discount Body Shop / Regal Refinishing,ER36 RR170 F-style BACK,982
Levine,DT5 QTS Case,983
Levine,ACE QTS Case,984
Levine,WG QTS Case,985
Levine,ACE 1 Case,986
Discount Body Shop / Regal Refinishing,663 RC803 2.5L BACK,987
Discount Body Shop / Regal Refinishing,ER37 RR180 F-style BACK,988
Florissant Auto Paint,Florissant Auto Paint,990
Crest,CRS-800 Laundry Detergent 5 gal,991
Wasco,Wasco 641 CTQ,992
Wasco,Wasco 643 CTQ,993
Palmetto,Palmetto 860/5070 CTQ,994
Palmetto,Palmetto 860/5070 F-style gal FRONT,995
Wasco,Wasco BPC 53 gal,996
Palmetto,Palmetto 611/9265 CTQ,997
Palmetto,Palmetto 612/9275 CTQ,998
Palmetto,Palmetto 612/9275 CTHP,999
Palmetto,Palmetto 613/9285 CTQ,1000
Palmetto,Palmetto 613/9285 CTHP,1001
Palmetto,Palmetto 631/9622 CTQ,1002
Palmetto,Palmetto 641/9465 CTQ,1003
Palmetto,Palmetto 641/9465 CTHP,1004
Palmetto,Palmetto 642/9475 CTHP,1005
Palmetto,Palmetto 643/9485 CTHP,1006
Palmetto,Palmetto 661/9365 2.5L,1007
Palmetto,Palmetto 662/9375 2.5L,1008
Palmetto,Palmetto 663/9385 2.5L,1009
Palmetto,Palmetto 6100/9200 F-style FRONT,1010
Palmetto,Palmetto 6100/9200 CTQ,1011
Palmetto,Palmetto 6300/9620 F-style FRONT,1012
Palmetto,Palmetto 6400/9453 CTQ,1013
Palmetto,Palmetto 6600/9350 5L FRONT,1014
Crest,CRS-107 Glass cleaner concentrate 5 gal,1015
Crest,CRS-107 Glass cleaner concentrate 1 gal,1016
APYS,APYS 450 kit box,1017
APYS,APYS 451 kit box,1018
APYS,APYS 4x4 blank,1019
Palmetto,Palmetto 4x4 BLANK,1020
BAPS,BAPS DT-5V Gun Wash 53 gallons,1021
APYS,APYS F-style blank,1024
Palmetto,Palmetto WG/7100 CTQ,1031
Crest,Liberty Citrus Cleaner 5/55 gal,1032
Horvath,Horvath 4x6 blank,1033
Crest,CRS-113 Icy Shine 1 gal,1034
Crest,CRS-113 Icy Shine 5 gal,1035
Palmetto,Palmetto 4181/PPS- 8125 CTQ,1036
Palmetto,Palmetto 4181/PPS- 8125 F-style,1037
Palmetto,Palmetto AquaClean/PPS-7200 5x19,1038
Palmetto,Palmetto AquaClean/PPS-7200 TBD,1039
Palmetto,Palmetto Final Wipe/PPS-7300 CTQ,1040
Palmetto,Palmetto Final Wipe/PPS-7300 F-style,1041
Palmetto,Palmetto Final Wipe/PPS-7300 5 gal,1042
Palmetto,Palmetto ADREM/PPS-7450 CTQ,1043
Palmetto,Palmetto ADREM/PPS-7450 F-style,1044
Palmetto,Palmetto ADREM/PPS-7450 5 gal,1045
Palmetto,Palmetto DT5/PPS 150900 F-style,1046
Detail Supply,Dead Gloss Orange Blank,1047
Detail Supply,Dead Gloss DT5 5 gal,1048
ProMax/Blysk,Blysk DT5 5 gal,1049
Crest,CRS-145 Parts Wash 5 gal,1050
API,850KIT Black box label,1054
Wasco,Wasco 4416 24 oz,1054
API,850 Black 750mL,1055
Wasco,Wasco QM1200 CTQ,1055
API,858 Black 250mL,1056
Wasco,Wasco QM1200 F-style FRONT,1056
API,851KIT Tintable box label,1057
Poppy's Patina,Poppy's 8100V Gloss Wipe CTQ,1057
API,851 Tintable 750mL,1058
Poppy's Patina,Poppy's 811V Activator QP,1058
API,858 Tintable 250 mL,1059
Poppy's Patina,VGG 8100 Gloss Wipe CTQ,1059
Poppy's Patina,VGG 811 Activator HP,1060
Poppy's Patina,Poppy's 7050V 4:1 Gloss F-style FRONT,1066
Poppy's Patina,Poppy's 7050V 4:1 gloss CTQ,1067
Poppy's Patina,Poppy's 702V 4:1 Activator CTQ,1068
Poppy's Patina,Poppy's 702V 4:1 Activator HP,1069
Poppy's Patina,1776 / VGG 7050V 4:1 gloss CTQ,1071
Poppy's Patina,Poppy's Flatte Out 702V 4:1 Activator HP,1073
Poppy's Patina,Poppy's 4:1 7050V Gloss F-style BACK,1074
Poppy's Patina,Poppy's WG CTQ,1076
Poppy's Patina,Poppy's 8:1 Gel Coat Clear CTQ,1080
Poppy's Patina,Poppy's 8:1 Gel Coat activator QP,1081
Poppy's Patina,VGG WG CTQ,1082
Poppy's Patina,VGG 8102 Matte Wipe CTQ,1084
Poppy's Patina,Poppy's 7051V 4:1 Satin RQ,1085
Poppy's Patina,Poppy's 7052V 4:1 Matte RQ,1086
Crest,CRS-114 All in 1 5 gal,1087
Poppy's Patina,1776 / VGG 702V Activator HP,1088
Poppy's Patina,Poppy's 8102 Matte Wipe CTQ,1089
Poppy's Patina,Poppy's Satin 702V 4:1 Activator HP,1090
Poppy's Patina,1776 / 7050V Gloss Clear F-stye gal FRONT,1091
Poppy's Patina,1776 / 7050V Gloss Clear F-stye gal BACK,1092
Poppy's Patina,1776 / 702V Gloss Clear Activator CTQ,1093
Poppy's Patina,Poppy's 7051V 4:1 Satin Round Gallon,1094
Poppy's Patina,Poppy's Satin 702V 4:1 Activator CTQ,1095
Hyman,Hyman UR-610/ F-style,639
TCI,Plain White WITH GHS,99G
TCI,Plain White NO GHS ,99N
PBE/Old School,Old School/PBE DT5 5 gal,680
R&E Paint Supply,Solvent Blank,1096
R&E Paint Supply,Reducer Blank,1097
R&E Paint Supply,4x4 Blank,1098
R&E Paint Supply,WG F-style gal / TS330,1099
R&E Paint Supply,WG 5 gallons / TS330,1100
TCP Global,Aquaclean 1 gal 5x19,1101
R&E Paint Supply,F-style Back,1102
Crest,CRS-114 All in 1 1 gal,1103
Crest,CRS-114 All in 1 32 oz,1104
Poppy's Patina,Re-Gel Clear CTQ,1105
Poppy's Patina,Re-Gel Activator QP,1106
Poppy's Patina,Re-Gel WG CTQ,1107
TCI,Block Green w/ Toxic ,1108
TCI,Disco Prismatic Red Pantone 485 w/ Toxic,1109
Poppy's Patina,Poppy's 7052V 4:1 Flatte Out Matte RG,1110
Poppy's Patina,Poppy's Flatte Out 702V 4:1 Activator CTQ,1111
Huelsman,PaintMaster Purple Checkered ,1113
R&E Paint Supply,WG CT Quart / TS330,1115
Poppy's Patina,1776 / 7051V Satin Clear Round Gallon,1112
Poppy's Patina,1777 / 7051V Matte Clear Round Gallon,1114
Poppy's Patina,1776 / 702V Satin/Matte Clear Activator CTQ,1116
